@timestamp,addr_new,addr_old,conts_name,value,name,gu_name,location.lat,location.lon
,오금로 505,송파구 거여동 37-10,"5호선 거여역(2,4,8번 출구)",수동식/자동식,구분,송파구,37.493112,127.144669
,올림픽로 383,송파구 신천동 20-8,"8호선 몽촌토성역(2,3,4번 출구)",수동식/자동식,구분,송파구,37.51756,127.112204
,null,null,"2호선 잠실역(2,3,7번 출구)",수동식/자동식,구분,송파구,37.514223,127.099801
,올림픽로 130,송파구 잠실동 18,"2호선 신천역(2,5,7번 출구)",수동식/자동식,구분,송파구,37.511901,127.085097
,올림픽로 23,null,"2호선 종합운동장역(3,4,5번 출구)",수동식/자동식,구분,송파구,37.511341,127.072804
,송파대로 354,송파구 가락동 465-6,"8호선 송파역(1,2,4번 출구)",수동식/자동식,구분,송파구,37.499382,127.112823
,충민로2길 12,송파구 장지동 217-3,8호선 장지역(1~2번 출구 사이),수동식,구분,송파구,37.47865,127.126459
,성남대로 1576,송파구 장지동 600-37,8호선 복정역,수동식,구분,송파구,37.470204,127.127027
,양재대로 1222,송파구 방이동 89-21,"5호선 올림픽공원역(1,2,3번 출구)",수동식/자동식,구분,송파구,37.516079,127.13124
,양재대로 1127,null,"5호선 방이역(1,2,3,4번 출구)",수동식/자동식,구분,송파구,37.508529,127.125965
,중대로 235,null,5호선 오금역(2번 출구),수동식/자동식,구분,송파구,37.502364,127.128782
,백제고분로 365,송파구 석촌동 174-7,"8호선 석촌역(2,3,8번 출구)",수동식/자동식,구분,송파구,37.505366,127.106632
,오금로 405,null,"5호선 개롱역(1,4번 출구)",수동식/자동식,구분,송파구,37.49853,127.13455
,양재대로 932,송파구 가락동 600-1,"3/8호선 가락시장역(1,8번 출구)",수동식/자동식,구분,송파구,37.492428,127.118009
,올림픽로 550,송파구 풍납동 504-2,"8호선 강동구청역(2,4번 출구)",수동식/자동식,구분,송파구,37.530424,127.12035
,마천로61바길 20,송파구 마천동 302-12,5호선 마천역(2번 출구),수동식,구분,송파구,37.495465,127.153241
,천호대로 1006,강동구 성내동 64-13,"5/8호선 천호역(7,10번 출구)",수동식/자동식,구분,강동구,37.538235,127.123903
,오금로 20,송파구 신천동 17-9,"2호선 잠실나루역(2,3번 출구 고가하부)",수동식,구분,송파구,37.520611,127.10394
,천호대로 405,동대문구 장안동 416-6,"5호선 장한평역(1,4번 출구)",수동식,구분,동대문구,37.561886,127.064447
,한천로 472,동대문구 이문동 217-3,1호선 신이문역,수동식,구분,동대문구,37.602875,127.067551
,서초대로 233,서초구 서초동 1541-9,2호선 서초역(3번 출구),수동식,구분,서초구,37.491427,127.00764
,강남대로 221,서초구 양재동 23,신분당선 양재역(10번 출구),수동식,구분,서초구,37.48373,127.034508
,청계산로 179,서초구 신원동 275-1,신분당선 청계산입구(1번 출구),수동식,구분,서초구,37.448922,127.054377
,통일로 715,은평구 대조동 15-242,"3/6호선 불광역(3,7번 출구)",수동식/자동식,구분,은평구,37.609521,126.93054
,장승배기로 89,동작구 노량진동 311-52,7호선 장승배기(5번 출구),수동식,구분,동작구,37.505524,126.939392
,노량진로 155,동작구 노량진동 67-3,"1호선 노량진역 광장(1번 출구, 육교하부)",수동식,구분,동작구,37.513835,126.942923
,상도로 378,동작구 상도동 514,7호선 숭실대입구역(3번 출구),수동식,구분,동작구,37.495861,126.954216
,사당로 216,동작구 사당동 712-12,7호선 남성역(1번 출구),수동식,구분,동작구,37.484181,126.972072
,null,동작구 대방동 101-30,1호선 대방역(1번 출구),수동식,구분,동작구,37.513026,126.927297
,상도로 272,동작구 상도1동 701-5,7호선 상도역(3번 출구),수동식,구분,동작구,37.503385,126.947648
,상도로 3,동작구 대방동 399-8,7호선 보라매역(8번 출구),수동식,구분,동작구,37.499969,126.920861
,고덕로 253,강동구 명일동 46-1,5호선 고덕역(4번 출구),수동식,구분,강동구,37.554898,127.154228
,벚꽃로 122,금천구 가산동 711,"1호선 독산역(1,2번 출구)",수동식,구분,금천구,37.466354,126.889514
,사직로12길 1-5,종로구 내자동 75-4,3호선 경복궁역(7번 출구),수동식,구분,종로구,37.575868,126.971754
,새문안로5길 14-1,종로구 당주동 40-14,5호선 광화문역(1~8번 출구 사이),수동식,구분,종로구,37.571672,126.974911
,종로 47,종로구 종로1가 43-3,"1호선 종각역(2,3-1,7번 출구)",수동식,구분,종로구,37.570631,126.982864
,돈화문로10길 2,종로구 묘동 88-3,"1호선 종로3가역(7,8번 출구)",수동식,구분,종로구,37.572339,126.991654
,종로 213,종로구 종로5가 90-1,1호선 종로5가역(1번 출구),수동식,구분,종로구,37.570998,127.001362
,대학로 103,종로구 명륜4가 97-2,4호선 혜화역(3번 출구),수동식,구분,종로구,37.581451,127.001881
,종로 292,종로구 창신동 463-2,1호선 동대문역(6번 출구),수동식,구분,종로구,37.571394,127.010494
,지봉로 99-1,종로구 창신동 22-15,6호선 창신역(1번 출구),수동식,구분,종로구,37.579018,127.015195
,종로 346,종로구 숭인동 302-1,1호선 동묘앞역(4번 출구),수동식,구분,종로구,37.572946,127.016013
,독서당로6길 12-13,용산구 한남동 511-13,경의중앙선 한남역(1번 출구),수동식,구분,용산구,37.529346,127.008002
,서빙고로 238,용산구 서빙고동 241-84,경의중앙선 서빙고역 광장(1번 출구),수동식,구분,용산구,37.519942,126.989404
,한강대로 187,용산구 한강로1가 273-2,6호선 삼각지역(8번 출구),수동식,구분,용산구,37.535504,126.973387
,null,용산구 용산동4가 1-3,6호선 녹사평역(4번 출구),수동식,구분,용산구,37.534676,126.986051
,한강대로 109,용산구 한강로2가 313-4,4호선 신용산역(6번 출구),수동식,구분,용산구,37.530004,126.968455
,이태원로 287,용산구 한남동 728-1,6호선 한강진역(3번 출구),수동식,구분,용산구,37.540131,127.001886
,이촌로71길 42,용산구 용산동5가 17-79,"4호선 이촌역(3-1,4번 출구)",수동식,구분,용산구,37.522231,126.973321
,null,null,"남영역 건너편
(기존것 교체)",null,구분,null,0,0
,백범로 286,용산구 용문동 5-229,6호선 효창공원역(4번 출구),수동식,구분,용산구,37.539282,126.961025
,이태원로 184,용산구 이태원동 127-10,6호선 이태원역(3번 출구),수동식,구분,용산구,37.534415,126.994483
,null,null,"3/6호선 약수역(3,6번 출구)",null,구분,null,0,0
,동호로24길 3,중구 장충동2가 189-33,3호선 동대입구역(2번 출구),수동식,구분,중구,37.559381,127.005348
,창경궁로 43,중구 을지로4가 208-1,"2/5호선 을지로4가역(8,9번 출구)",수동식,구분,중구,37.566213,126.997848
,통일로 126,중구 충정로1가 97-1,5호선 서대문역(5~6번 출구 사이),수동식,구분,중구,37.5658,126.967068
,세종대로 83,중구 태평로2가 344-2,2호선 시청역(8번 출구),수동식,구분,중구,37.563792,126.976521
,밤고개로1길 10,강남구 수서동 713-1,3호선 수서역(2번 출구),수동식,구분,강남구,37.487767,127.101575
,일원로 2,강남구 개포동 13-4,3호선 대청역(2번 출구),수동식,구분,강남구,37.493843,127.079547
,개포로 522,강남구 개포동 184-5,분당선 대모산역입구역(4번 출구),수동식,구분,강남구,37.491605,127.073104
,학동로 342,강남구 논현동 241-4,7호선 강남구청역(2번 출구),수동식,구분,강남구,37.516828,127.040666
,영동대로 502,강남구 삼성동 168-8,"2호선 삼성역(3,5,7번 출구)",수동식,구분,강남구,37.509416,127.063436
,테헤란로 329,강남구 역삼동 705-11,2호선 선릉역(5번 출구),수동식,구분,강남구,37.504377,127.047831
,남부순환로 3022,강남구 대치동 510-6,"3호선 대치역(4,5번 출구)",수동식,구분,강남구,37.494918,127.065227
,선릉로 228,강남구 역삼동 765-3,분당선 한티역(1번 출구),수동식,구분,강남구,37.496504,127.052963
,영동대로 202,강남구 대치동 50-70,3호선 학여울역 자전거보관소,수동식,구분,강남구,37.496779,127.070211
,테헤란로 201,강남구 역삼동 642-14,2호선 역삼역(7번 출구),수동식,구분,강남구,37.501409,127.036784
,null,null,2호선 강남역(7번 출구),수동식,구분,강남구,0,0
,강남대로 606,강남구 논현동 1,"3호선 신사역(3,6번 출구)",수동식,구분,강남구,37.5158123,127.0199798
,null,null,3호선 신사역 6번출구,수동식,구분,강남구,0,0
,null,null,3호선 압구정역 5번출구,수동식,구분,강남구,0,0
,null,null,3호선 압구정역 3번출구,수동식,구분,강남구,0,0
,논현로 867,강남구 신사동 667-35,"3호선 압구정역(1,3,5번 출구)",수동식,구분,강남구,37.5260788,127.0285005
,null,null,7호선 강남구청역(4번 출구),수동식,구분,강남구,0,0
,학동로 508,강남구 삼성동 53-2,"7호선 청담역(5,10,13번 출구)",수동식,구분,강남구,37.5190943,127.0519012
,null,null,7호선 청담역10번출구,수동식,구분,강남구,0,0
,null,null,7호선 청담역13번출구,수동식,구분,강남구,0,0
,강남대로 468,강남구 역삼동 858-26,9호선 신논현역(5번 출구),수동식,구분,강남구,37.5041797,127.0249499
,학동로 201,강남구 논현동 87-8,"7호선 학동역(8,10번 출구)",수동식,구분,강남구,37.5142669,127.0308436
,남부순환로 2814,강남구 도곡동 467-5,3호선 도곡역(4번 출구),수동식,구분,강남구,37.4905538,127.0550299
,남부순환로 2740,강남구 도곡동 179-7,3호선 매봉역(4번 출구),수동식,구분,강남구,37.4864637,127.0460955
,개포로 420,강남구 개포동 186-20,분당선 개포동역(4번 출구),수동식,구분,강남구,37.4892664,127.0663493
,null,null,7호선 학동역 10번출구 앞,수동식,구분,강남구,0,0
,도림천로 477,구로구 구로동 810-3,2호선 구로디지털단지역,수동식,구분,구로구,37.4852488,126.9014448
,송파대로22길 4-20,송파구 문정동 227-1,"8호선 문정역(1,2번 출구)",자동식,구분,송파구,37.4864279,127.1225153
,오금로 20,송파구 신천동 17-9,2호선 잠실나루역(1번 출구),자동식,구분,송파구,37.5209656,127.103884
,중대로 144,송파구 가락동 123-27,3.5호선 경찰병원역(4번 출구),자동식,구분,송파구,37.4950924,127.1238326
,잠원로4길 46,서초구 잠원동 61-7,잠원역(3번 출구),자동식,구분,서초구,37.5128394,127.0111243
,매헌로 116,서초구 양재동 237-2,양재시민의숲역(1번 출구),자동식,구분,서초구,37.4703542,127.0385764
,덕릉로115다길 68,노원구 상계동 65-47,자전거대여소(당고개역),자동식,구분,노원구,37.6699775,127.0787652
,상계로 190,노원구 중계동 141-87,자전거대여소(상계역),자동식,구분,노원구,37.661201,127.0739338
,남부순환로 1733,관악구 봉천동 926-33,봉천역(6번출구),자동식,구분,관악구,37.4824831,126.9426525
,남부순환로 2082-29,관악구 남현동 1130-1,사당역(6번 출구),자동식,구분,관악구,37.4763631,126.9808798
,난곡로 374,관악구 신림동 516,"신대방역(1,2번 출구)",자동식,구분,관악구,37.4871997,126.9133774
,남부순환로 1615,관악구 신림동 1422-42,"신림역(2,8번 출구)",자동식,구분,관악구,37.4844892,126.9301016
,null,null,서울대입구역(8번 출구),자동식,구분,관악구,0,0
,null,null,신림역(2번 출구),자동식,구분,관악구,0,0
,null,null,신대방역(2번 출구),자동식,구분,관악구,0,0
,null,null,신대방역(1번 출구),자동식,구분,관악구,0,0
,null,null,신대방역(1번 출구),자동식,구분,관악구,0,0
,null,null,수색역(3번 출구),자동식,구분,마포구,0,0
,방울내로11길 42,마포구 망원동 472-1,마포구청역(6번 출구),자동식,구분,마포구,37.5626902,126.9036032
,월드컵로 78,마포구 서교동 441-19,망원역(1번 출구),자동식,구분,마포구,37.556012,126.9103816
,독막로 4,마포구 합정동 373-26,합정역(7번 출구),자동식,구분,마포구,37.5487341,126.9137412
,월드컵북로2길 65,마포구 동교동 192-44,홍대입구역(KT옆),자동식,구분,마포구,37.5577508,126.9235603
,통일로 611,은평구 녹번동 49-3,녹번역(5번 출구),자동식,구분,은평구,37.6013471,126.9353345
,증산로 307,은평구 증산동 198-2,증산역(4번 출구),자동식,구분,은평구,37.5845066,126.9101139
,연서로 143,은평구 갈현동 530-20,구산역(4번 출구),자동식,구분,은평구,37.611663,126.9171768
,진흥로 103,은평구 역촌동 17-1,역촌역(1번 출구),자동식,구분,은평구,37.6060532,126.922525
,불광로 129-1,은평구 불광동 13-33,독바위역(1번 출구),자동식,구분,은평구,37.618393,126.9328464
,진관2로 29-21,은평구 진관동 221-29,구파발역(2번 출구),자동식,구분,은평구,37.6361958,126.9192317
,통일로 843-2,은평구 대조동 227-1,연신내역(4~5번출구),자동식,구분,은평구,37.6186865,126.9212693
,증산로 391,은평구 응암동 610-3,새절역(2번 출구),자동식,구분,은평구,37.5912535,126.9138133
,연서로 5,은평구 응암동 91-15,응암역(3번 출구),자동식,구분,은평구,37.5993631,126.9160346
,수색로 181,은평구 증산동 223-25,디지털미디어시티역(4번 출구),자동식,구분,은평구,37.5774966,126.9021794
,오목로 245,null,목동역(4번 출구),자동식,구분,양천구,37.5263747,126.8646576
,오목로 350,양천구 목동 404-177,오목교역(5~6번 출구 사이),자동식,구분,양천구,37.5241407,126.8762538
,안양천로 1156,양천구 목동 138-19,신목동역자전거주차장,자동식,구분,양천구,37.5441715,126.8833035
,중앙로 268-1,양천구 신정동 1031-6,신정네거리역(3~4번출구사이),자동식,구분,양천구,37.5201912,126.8530033
,목동로3길 41,양천구 신정동 276-7,양천구청역(2번 출구),자동식,구분,양천구,37.5123628,126.8654191
,노해로63길 84,도봉구 창동 74-25,창동역(2번 출구),자동식,구분,도봉구,37.6528882,127.0466829
,도봉로 487,도봉구 쌍문동 88-105,쌍문역(4번 출구),자동식,구분,도봉구,37.6490472,127.0347525
,도봉로150다길 48,도봉구 방학동 718-21,방학역북부,자동식,구분,도봉구,37.6683684,127.04427
,도봉로168길 6,도봉구 도봉동 92-111,도봉역(2번 출구),자동식,구분,도봉구,37.6777668,127.0452558
,null,null,왕십리역광장,자동식,구분,성동구,0,0
,아차산로 116,성동구 성수동2가 315-105,성수역(3번 출구),자동식,구분,성동구,37.5442091,127.0567861
,null,null,면목역,자동식,구분,중랑구,0,0
,망우로55길 11-10,중랑구 상봉동 50-49,망우역,자동식,구분,중랑구,37.60009955,127.094579611
,null,null,중랑역,자동식,구분,중랑구,0,0
,null,null,봉화산역,자동식,구분,중랑구,0,0
,강서로 163,강서구 화곡동 1075-51,화곡역(5번 출구),자동식,구분,강서구,37.5412972,126.8404691
,강서로16길 1,강서구 화곡동 340-54,까치산역(1번 출구),자동식,구분,강서구,37.532553,126.8464203
,강서로 174,강서구 화곡동 1064-5,"화곡역(1,5번 출구)",자동식,구분,강서구,37.5420531,126.8402417
,강서로 374,강서구 등촌동 673,발산역(3번 출구),자동식,구분,강서구,37.5589305,126.8385871
,null,null,마곡역,자동식,구분,강서구,0,0
,금낭화로 132,강서구 방화동 830-11,방화역(2번 출구),자동식,구분,강서구,37.5770283,126.8128293
,방화대로 294,강서구 마곡동 731-142,신방화역(6번 출구),자동식,구분,강서구,37.5671232,126.8168099
,개화동로8길 38,강서구 개화동 493-3,개화산역(2번 출구),자동식,구분,강서구,37.5784452,126.7978138
,공항대로 629,강서구 염창동 282-22,염창역(2번 출구),자동식,구분,강서구,37.5471642,126.8747941
,양천로 559,강서구 가양동 449-37,증미역(2번 출구),자동식,구분,강서구,37.5573287,126.8624815
,양천로 488,강서구 등촌동 77-26,가양역(9번 출구),자동식,구분,강서구,37.5613027,126.8543611
,강서로 262,강서구 내발산동 724-63,우장산역(1번 출구),자동식,구분,강서구,37.5490467,126.8365597
,공항대로 38,강서구 공항동 33-1,송정역(3번 출구),자동식,구분,강서구,37.5610584,126.811589
,방화동로 36-1,강서구 공항동 22-194,공항시장역(3번 출구),자동식,구분,강서구,37.5638876,126.8109606
,양천로 354,강서구 가양동 133-3,양천향교역(5번 출구),자동식,구분,강서구,37.5680026,126.8418269
,양천로 497,강서구 가양동 448-29,가양역(4번 출구),자동식,구분,강서구,37.5613743,126.8555889
,null,null,방화역(3번 출구),자동식,구분,강서구,0,0
,null,null,암사역(1번 출구),자동식,구분,강동구,0,0
,null,null,둔촌동역(1번 출구),자동식,구분,강동구,0,0
,null,null,굽은다리역(1번 출구),자동식,구분,강동구,0,0
,null,null,상일동역(2번 출구),자동식,구분,강동구,0,0
,null,null,강동역(4번 출구),자동식,구분,강동구,0,0
,null,null,길동역(3번 출구),자동식,구분,강동구,0,0
,null,null,명일역(4번 출구),자동식,구분,강동구,0,0
,null,null,상일동역(1번 출구),자동식,구분,강동구,0,0
,null,null,금천구청역광장,자동식,구분,금천구,0,0
,null,null,가산디지털단지역(5~6번 출구 사이),자동식,구분,금천구,0,0
,다산로 118,중구 신당동 369-47,약수역(6번 출구),자동식,구분,중구,37.5543039,127.0105931
,청구로 77,중구 신당동 295-3,청구역(1번 출구),자동식,구분,중구,37.5604173,127.0137608
,도봉로85길 8,강북구 수유동 229-54,수유역(6번출구),자동식,구분,강북구,37.6379429,127.0246379
,일원로 7,강남구 일원동 700-10,대청역(3번출구 중동고 옆),자동식,구분,강남구,37.4936378,127.0800211
,null,null,개봉역(남측),자동식,구분,구로구,0,0
,null,null,개봉역(북측),자동식,구분,구로구,0,0
,null,null,신도림역(남측),자동식,구분,구로구,0,0
,null,null,온수역(북측),자동식,구분,구로구,0,0
,null,null,오류동역(북측),자동식,구분,구로구,0,0
,구일로 126,null,구일역,자동식,구분,구로구,37.4960777,126.8709215
,경인로 558,구로구 구로동 603-31,구로역(북측),자동식,구분,구로구,37.50274774,126.880411599
,도림로 107,구로구 구로동 125-53,"대림역(1,2번 출구)",자동식,구분,구로구,37.49248,126.894826
,null,null,구로디지털단지역,자동식,구분,구로구,0,0
,올림픽로 265,null,잠실역 지하주차타워,"[이용시간] 
24시간

[보관대수]
448대

[이용요금]
무료",이용안내,송파구,37.513272,127.101022
,개화동로8길 19,강서구 개화동 491-8,개화역 주차장,"[이용시간] 
24시간

[보관대수]
448대

[이용요금]
무료",이용안내,강서구,37.578277831,126.798463705
,오리로 1154-15,구로구 오류동 174-10,천왕역 주차장,null,이용안내,구로구,37.487258822,126.839153566
,진관2로 15-40,은평구 진관동 66-30,구파발역 주차장,null,이용안내,은평구,37.637996003,126.919289857
,도봉로 955,도봉구 도봉동 288-19,도봉산역 주차장,null,이용안내,도봉구,37.689710659,127.044794658
,범안로 1144,금천구 가산동 713,독산역 주차장,null,이용안내,금천구,37.466416,126.888954
,관천로 56,관악구 신림동 1433-158,신림역 주차장,"이용시간
연중무휴
이용요금
무료
1회 이용시간
9:00 ~ 18:00(회원에 한해 24시간 운영)",이용안내,관악구,37.484307,126.925985
,대림로 2,동작구 신대방동 643-1,신대방역 주차장,"이용시간 : 연중무휴(24시간)
이용요금 : 무료
1회 이용시간 : 1회 2일 이내",이용안내,동작구,37.487421,126.912968
,증산로 476,은평구 응암동 114-10,응암역 주차장,"이용시간
08:00~19:00(평일),
동절기(11~2월) : 10:00~17:00(토？일？공휴일)
하절기(3~10월) : 10:00~18:00(토？일？공휴일)
이용요금 : 무료(1회 10일 주차가능)",이용안내,은평구,37.598612509,126.915830571
,안양천로 1156,양천구 목동 136-1,신목동역 주차장,"이용시간 :연중무휴(24시간)
이용요금 : 무료",이용안내,양천구,37.544257653,126.883505439
,경인로40길 25,구로구 개봉동 471-8,개봉역 주차장,"이용시간 : 연중무휴(24시간)
이용요금 : 무료",이용안내,구로구,37.4953802,126.8593771
,영신로19길 8,영등포구 영등포본동 618-209,영등포역 주차장,"이용시간 : 05:00 ~ 익일 01:00
1회 이용시간 : 1회 10일 주차가능
이용요금 : 무료",이용안내,영등포구,37.514574,126.907088
,도봉로85길 10,강북구 수유3동 229-30,수유역 주차장,"이용시간
06:00~23:00(평일), 
09:00~18:00(토, 일요일, 공휴일)
요금: 1개월(4,000원), 3개원(6,000원)
1회 이용시간 : 지정주차제",이용안내,강북구,37.63801104,127.024694105
,새말로 117-6,구로구 구로5동 1-26,신도림역 주차장,"이용시간 : 연중무휴(24시간)
이용요금 : 무료",이용안내,구로구,37.507507,126.892087
,당산로 123,영등포구 당산동3가 385-1,영등포구청 주차장,"이용시간 : 연중무휴(24시간)
이용요금 : 무료
1회 이용시간 : 1회 10일 주차가능",이용안내,영등포구,37.525959499,126.896351037
,홍제내길 227,서대문구 홍제동 294-85,홍제천 주차장,"이용시간 : 연중무휴(24시간)
이용요금 : 무료",이용안내,서대문구,37.591028,126.941335
,강남대로 708,null,한남대교 남단 하부 보관함,"이용시간 
연중무휴(24시간)
이용요금
10,000원/1년",이용안내,강남구,37.524432,127.015494
,신풍로 28,영등포구 신길동 424-13,신풍역 4번출구 역사내 보관함,"이용시간 : 05:00~24:00
이용요금 : 무료",이용안내,영등포구,37.500183,126.908779
,동일로 903,중랑구 묵동 189-5,먹골역 1번출구 역사내 보관함,"이용시간 : 05:00~24:00
이용요금 : 무료",이용안내,중랑구,37.610915,127.077688
,신내로 232,중랑구 신내동 639-2,봉화산역 1번출구 보관함,"이용시간 : 05:00~24:00
이용요금 : 무료",이용안내,중랑구,37.617591,127.090746
,화랑로 510,노원구 공릉동 59,화랑대역 1번출구 역사내 보관함,"이용시간 : 05:00~24:00
이용요금 : 무료",이용안내,노원구,37.619893,127.084062
,안암로 145,성북구 종암동 30-62,고려대역 2번출구 역사내 보관함,"이용시간 : 05:00~24:00
이용요금 : 무료",이용안내,성북구,37.589967,127.036087
,화랑로 349,성북구 석관동 375-14,석계역 2번출구 보관함,"이용시간 : 05:00~24:00
이용요금 : 무료",이용안내,성북구,37.615126,127.066646
,null,null,수서역 1번출구(지상) 보관함,"이용시간
연중무휴(24시간)
요금
10,000원/1년",이용안내,강남구,37.4873069,127.1006344
,광평로 270,강남구 수서동 713-1,수서역 2번출구(지상) 보관함,"이용시간
연중무휴(24시간)
요금
10,000원/1년",이용안내,강남구,37.487604,127.101683
,영동대로 202,강남구 대치동 50-8,학여울역 지상 보관함,"이용시간
연중무휴(24시간)
요금
10,000원/1년",이용안내,강남구,37.496779,127.070211
,테헤란로 606,강남구 대치동 995-14,삼성역 보관함,"이용시간
연중무휴(24시간)
요금
10,000원/1년",이용안내,강남구,37.508577,127.063946
,오금로 20,송파구 신천동 17-9,잠실나루역 보관함,"이용시간
연중무휴(24시간)
이용요금
무료",이용안내,송파구,37.520942,127.103731
,아차산로 15-8,성동구 성수동1가 656-746,뚝섬역 보관함,"이용시간
연중무휴(24시간)
이용요금
무료",이용안내,성동구,37.547752,127.045939
,아차산로 116,성동구 성수동2가 315-105,성수역 보관함,"이용시간
연중무휴(24시간)
이용요금
무료",이용안내,성동구,37.54431,127.056607
,고산자로 270,성동구 행당동 7,성동구청 보관함,"이용시간
연중무휴(24시간)
이용요금
무료",이용안내,성동구,37.563210622,127.036729993
,광나루로 404,광진구 군자동 342-33,500 어린이대공원역 3번출구 앞,500,대여소번호,광진구,37.54707,127.074272
,능동로 76,광진구 자양동 542-6,501 광진구의회 앞,501,대여소번호,광진구,37.537308,127.070351
,뚝섬로34길 67,광진구 자양동 854-1,502 뚝섬유원지역 1번출구 앞,502,대여소번호,광진구,37.53186,127.067192
,아차산로36길 39,광진구 자양동 227-350,503 더샵스타시티 C동 앞,503,대여소번호,광진구,37.536667,127.073593
,뚝섬로 596,광진구 자양동 608-19,504 신자초교입구교차로,504,대여소번호,광진구,37.53297,127.075935
,아차산로 355,광진구 자양동 779,505 자양사거리 광진아크로텔 앞 ,505,대여소번호,광진구,37.537514,127.082291
,자양로3길 7,광진구 자양동 744-1,515 광양중학교 앞 ,515,대여소번호,광진구,37.530235,127.08683
,광나루로 355,광진구 군자동 356-10,516 광진메디칼 앞,516,대여소번호,광진구,37.548405,127.069366
,동일로 322,광진구 중곡동 612-9,539 군자교교차로,539,대여소번호,광진구,37.559795,127.074203
,능동로 295,광진구 군자동 477-27,540 군자역 7번출구 베스트샵 앞,540,대여소번호,광진구,37.55603,127.078644
,강변역로 53,광진구 구의동 546-6,"542 강변역 1,4번 출구 아래",542,대여소번호,광진구,37.534996,127.094604
,광나루로56길 86,광진구 구의동 546-3,543 구의공원(테크노마트 앞),543,대여소번호,광진구,37.535969,127.094673
,아차산로70길 17-16,광진구 광장동 561-15,544 광남중학교,544,대여소번호,광진구,37.54073,127.102905
,뚝섬로 681,광진구 자양동 658-137,546 DMC빌 앞,546,대여소번호,광진구,37.532478,127.085091
,자양강변길 297,광진구 자양동 591-12,548 자양나들목,548,대여소번호,광진구,37.52977,127.07486
,천호대로 670,광진구 구의동 75-36,549 아차산역 3번출구,549,대여소번호,광진구,37.551224,127.089706
,구의강변로 106,광진구 구의동 199-97,551 구의삼성쉐르빌 앞,551,대여소번호,광진구,37.540062,127.094498
,구의강변로 64,광진구 구의동 601,552 대림아크로리버 앞,552,대여소번호,광진구,37.536579,127.092972
,동일로 459,광진구 중곡동 681,553 중곡 성원APT 앞,553,대여소번호,광진구,37.571255,127.079803
,천호대로 704,광진구 구의동 59-13,554 아차산역 사거리,554,대여소번호,광진구,37.548935,127.09259
,강변역로 17,광진구 구의동 587-41,555 구의3동주민센터,555,대여소번호,광진구,37.537849,127.092171
,능동로 209,광진구 군자동 98-2,571 어린이대공원역6번출구,571,대여소번호,광진구,37.548496,127.07476
,용마산로 132,광진구 중곡동 266-1,572 국립정신 건강센터 앞,572,대여소번호,광진구,37.565536,127.0867
,능동로 216,광진구 구의동 234-22,573 구의문주차장 앞,573,대여소번호,광진구,37.545231,127.084732
,능동로 216,광진구 구의동 135,574 아차산역4번출구,574,대여소번호,광진구,37.551849,127.088982
,용마산로 120,광진구 중곡동 18-71,575 중앙농협 중곡지점,575,대여소번호,광진구,37.564293,127.086937
,아차산로 552,광진구 광장동 203-2,576 광나루역 3번출구,576,대여소번호,광진구,37.54483,127.104263
,구천면로 2,광진구 광장동 303-90,577 광진청소년수련관,577,대여소번호,광진구,37.546547,127.106133
,광나루로 385,광진구 군자동 374-8,584 광진광장 교통섬,584,대여소번호,광진구,37.547829,127.072632
,한천로 329,동대문구 휘경동 367-1,600 휘경2동 주민센터,600,대여소번호,동대문구,37.589912,127.06868
,천호대로27길 35,동대문구 용두동 792-5,601 용신동주민센터,601,대여소번호,동대문구,37.575947,127.037361
,장한로25길 2,동대문구 장안동 469-5,602 장안동 사거리,602,대여소번호,동대문구,37.572174,127.071388
,전농로3가길 2,동대문구 답십리동 273-3,604 답십리초등학교 옆 공원,604,대여소번호,동대문구,37.569656,127.055962
,천호대로 26,동대문구 신설동 97-37,605 신설동역9번출구,605,대여소번호,동대문구,37.5742,127.026497
,겸재로 21,동대문구 휘경동 49-298,606 휘경공고앞,606,대여소번호,동대문구,37.584625,127.07029
,한천로 472,동대문구 이문동 64-6,607 신이문역 2번출구,607,대여소번호,동대문구,37.602711,127.067863
,전농로 190,동대문구 전농동 155-7,608 전농삼성아파트,608,대여소번호,동대문구,37.58131,127.055344
,고산자로 539-1,동대문구 제기동 122-278,609 제기2교,609,대여소번호,동대문구,37.587791,127.037361
,답십리로 130,동대문구 답십리동 476-71,610 동대문중 교차로,610,대여소번호,동대문구,37.573086,127.052162
,천호대로 64,동대문구 용두동 249-1,612 시립동부병원 앞 사거리,612,대여소번호,동대문구,37.573498,127.030472
,천호대로 2,동대문구 신설동 117-21,613 신설동역 10번출구 앞,613,대여소번호,동대문구,37.575272,127.023468
,왕산로 68,동대문구 용두동 119-1,614 용두동 사거리,614,대여소번호,동대문구,37.577686,127.031013
,정릉천동로 36,동대문구 용두동 790-9,615 용두동 레미안허브 리츠아파트 앞,615,대여소번호,동대문구,37.576382,127.03511
,전농로 203-1,동대문구 전농동 141-275,616 시립대 앞,616,대여소번호,동대문구,37.582561,127.054367
,전농로 104,동대문구 답십리동 94-2,617 청솔우성아파트 앞,617,대여소번호,동대문구,37.574203,127.057693
,사가정로 62,동대문구 전농동 314-8,621 동대문중학교 옆,621,대여소번호,동대문구,37.574718,127.053391
,사가정로13길 3,동대문구 전농동 295-61,622 전농사거리 교통섬,622,대여소번호,동대문구,37.577793,127.057831
,서울시립대로29길 5-3,동대문구 전농동 150-88,623 서울시립대 정문 앞,623,대여소번호,동대문구,37.583698,127.053856
,서울시립대로 31,동대문구 전농동 667-2,624 전농동 동아아파트 앞,624,대여소번호,동대문구,37.574188,127.045891
,전농로 38,동대문구 답십리동 266-1,625 답십리초등학교 앞,625,대여소번호,동대문구,37.568192,127.057175
,장한로6길 95,동대문구 장안동 480-19,626 군자교녹지대 동측 앞,626,대여소번호,동대문구,37.561153,127.070969
,장한로 201,동대문구 장안동 301-2,627 장안동삼거리 교통섬,627,대여소번호,동대문구,37.578632,127.071907
,한천로49길 44,동대문구 휘경동 43-270,628 휘봉고등학교 앞,628,대여소번호,동대문구,37.586815,127.067543
,고산자로28가길 2,동대문구 용두동 39-933,630 동대문구 보건소,630,대여소번호,동대문구,37.574852,127.040306
,천호대로 265,동대문구 답십리동 496-14,631 답십리역 1번출구,631,대여소번호,동대문구,37.568184,127.051277
,홍릉로 1,동대문구 청량리동 748,633 청량리 기업은행 앞,633,대여소번호,동대문구,37.580406,127.044823
,이문로 102,동대문구 이문동 287-61,634 외국어대 정문 앞,634,대여소번호,동대문구,37.59602,127.05983
,이문로1길 11,동대문구 청량리동 1-2,635 시조사 앞 (청량고정문 옆),635,대여소번호,동대문구,37.587517,127.052773
,회기로 56,동대문구 청량리동 1-215,636 세종대왕기념관 교차로,636,대여소번호,동대문구,37.5909,127.042587
,회기로 85,동대문구 청량리동 1-135,637 KAIST 경영대학 앞,637,대여소번호,동대문구,37.591614,127.045792
,서울시립대로 163,null,638 서울시립대 정보기술관,638,대여소번호,동대문구,37.583008,127.060974
,서울시립대로 163,동대문구 휘경동 294-187,639 서울시립대 후문,639,대여소번호,동대문구,37.585197,127.060951
,홍릉로 21-1,동대문구 청량리동 706,640 KEB하나은행 청량리역지점,640,대여소번호,동대문구,37.582455,127.044495
,천호대로 129-1,동대문구 용두동 38-2,641 용두역 4번출구,641,대여소번호,동대문구,37.574329,127.038261
,천호대로 233,동대문구 답십리동 465-137,642 신답역 빵굼터 앞,642,대여소번호,동대문구,37.570156,127.048584
,장안벚꽃로 77,동대문구 장안동 356,643 동대문구민체육센터,643,대여소번호,동대문구,37.566971,127.074417
,동교로8길 58,마포구 합정동 459-8,101 합정동 주민센터,101,대여소번호,마포구,37.549561,126.905754
,월드컵로 82,마포구 서교동 441-12,102 망원역1번출구앞,102,대여소번호,마포구,37.556293,126.910141
,월드컵로 65,마포구 망원동 378-18,103 망원역2번출구앞,103,대여소번호,마포구,37.554951,126.910835
,양화로 59,마포구 서교동 393-5,104 합정역 1번출구 앞,104,대여소번호,마포구,37.550629,126.914986
,양화로 55,마포구 서교동 394-112,105 합정역 5번출구 앞,105,대여소번호,마포구,37.550007,126.914825
,양화로 32,마포구 합정동 381-67,106 합정역 7번출구 앞,106,대여소번호,마포구,37.548645,126.912827
,월드컵북로 35,마포구 서교동 449-14,107 신한은행 서교동금융센터점 앞,107,대여소번호,마포구,37.55751,126.918503
,양화로 100,마포구 서교동 372-1,108 서교동 사거리,108,대여소번호,마포구,37.552746,126.918617
,어울마당로 26,마포구 당인동 12-31,109 제일빌딩 앞,109,대여소번호,마포구,37.547691,126.919983
,독막로 91,마포구 상수동 309-5,111 상수역 2번출구 앞,111,대여소번호,마포구,37.547871,126.923531
,와우산로 52,마포구 상수동 92-26,112 극동방송국 앞,112,대여소번호,마포구,37.549202,126.923203
,양화로 171,마포구 동교동 156-8,113 삼성서비스센터 앞,113,대여소번호,마포구,37.557499,126.923805
,양화로18길 3,마포구 동교동 166-13,114 홍대입구역 8번출구 앞,114,대여소번호,마포구,37.55706,126.924423
,독막로 165,마포구 창전동 245-1,118 광흥창역 2번출구 앞,118,대여소번호,마포구,37.547733,126.931763
,서강로 30,마포구 창전동 165-5,119 서강나루 공원,119,대여소번호,마포구,37.545284,126.931053
,토정로 213-7,마포구 신수동 371-25,120 신수동 사거리,120,대여소번호,마포구,37.545242,126.934113
,창전로2길 45,마포구 신수동 100-2,121 마포소방서 앞,121,대여소번호,마포구,37.549767,126.933174
,독막로 229,마포구 신수동 46-14,122 신성기사식당 앞,122,대여소번호,마포구,37.547249,126.939293
,서강로16길 67,마포구 신수동 84-7,124 서강대 정문 옆,124,대여소번호,마포구,37.55114,126.936989
,백범로 35,마포구 신수동 1-31,125 서강대 남문 옆,125,대여소번호,마포구,37.549484,126.93895
,대흥로 122,마포구 대흥동 43-32,126 서강대 후문 옆,126,대여소번호,마포구,37.550411,126.943848
,백범로 14,마포구 노고산동 107-95,127 현대벤처빌 앞,127,대여소번호,마포구,37.55352,126.936951
,신촌로 106,마포구 노고산동 31-123,129 신촌역(2호선) 6번출구 옆,129,대여소번호,마포구,37.555054,126.937569
,신촌로 94,마포구 노고산동 57-63,130 신촌역(2호선) 7번출구 앞,130,대여소번호,마포구,37.554859,126.936157
,신촌로24안길 18,마포구 노고산동 4-9,136 대흥동 주민센터,136,대여소번호,마포구,37.555691,126.942451
,구룡길 19,마포구 상암동 895-2,400 상암한화오벨리스크 1차 앞,400,대여소번호,마포구,37.587524,126.883003
,월드컵북로 502-36,마포구 상암동 594,401 상암월드컵파크 10단지 앞,401,대여소번호,마포구,37.586189,126.881615
,가양대로 143,마포구 상암동 670-1,402 상암월드컵파크 9단지 앞,402,대여소번호,마포구,37.582855,126.879822
,가양대로 203,마포구 상암동 853-2,403 부엉이공원 앞,403,대여소번호,마포구,37.58559,126.884727
,월드컵북로60길 13,마포구 상암동 1698,405 DMC빌 앞,405,대여소번호,마포구,37.582657,126.885788
,상암산로1길 92,마포구 상암동 1681,406 상암월드컵파크 7단지 앞,406,대여소번호,마포구,37.581314,126.880585
,상암산로1길 71,마포구 상암동 1686,407 마포구 육아종합지원센터,407,대여소번호,마포구,37.580631,126.883675
,월드컵북로 424,마포구 상암동 1715-3,408 LG CNS앞,408,대여소번호,마포구,37.580811,126.88665
,null,마포구 상암동 1715-6,409 누리꿈스퀘어 옆,409,대여소번호,마포구,37.579399,126.88916
,상암산로1길 24,마포구 상암동 1656,410 상암중학교 옆,410,대여소번호,마포구,37.577496,126.887772
,상암산로 66,마포구 상암동 1715-7,411 DMC홍보관,411,대여소번호,마포구,37.577995,126.891472
,매봉산로 37,마포구 상암동 1649,412 DMC산학협력연구센터 앞,412,대여소번호,마포구,37.575802,126.890739
,매봉산로 8,마포구 상암동 48,413 상암월드컵파크 3단지 후문,413,대여소번호,마포구,37.571476,126.889687
,매봉산로2안길 12-6,마포구 상암동 8-3,414 상암동주민센터 옆,414,대여소번호,마포구,37.57822,126.89447
,성암로 197,마포구 상암동 1253,415 DMC역 9번출구 앞,415,대여소번호,마포구,37.577469,126.897362
,월드컵북로47길 8,마포구 상암동 34-5,416 상암월드컵파크1단지 교차로,416,대여소번호,마포구,37.575665,126.894447
,성암로 165,마포구 상암동 1185-1,417 DMC역 2번출구 옆,417,대여소번호,마포구,37.575069,126.899918
,null,마포구 성산동 476-1,418 월드컵경기장역 3번출구 옆,418,대여소번호,마포구,37.570721,126.898979
,null,마포구 성산동 438-11,419 홈플러스 앞,419,대여소번호,마포구,37.56842,126.899429
,월드컵로 251,마포구 성산동 534-12,420 서울시 공공자전거 운영센터 옆,420,대여소번호,마포구,37.566246,126.896179
,월드컵로 212,마포구 성산동 372-2,421 마포구청 앞,421,대여소번호,마포구,37.565903,126.901184
,신촌로 270,마포구 아현동 329-15,142 아현역 4번출구 앞,142,대여소번호,마포구,37.557201,126.955666
,마포대로 109,마포구 공덕동 257-88,143 공덕역 2번출구,143,대여소번호,마포구,37.544579,126.950218
,백범로 192,마포구 공덕동 438-10,144 공덕역 8번출구,144,대여소번호,마포구,37.543579,126.951324
,만리재로 3,마포구 공덕동 255-10,145 공덕역 5번출구,145,대여소번호,마포구,37.54425,126.951637
,마포대로 33,마포구 도화동 555-2,146 마포역 2번출구 뒤,146,대여소번호,마포구,37.539936,126.945824
,마포대로 34,마포구 도화동 292-29,147 마포역 4번출구 뒤,147,대여소번호,마포구,37.539272,126.945915
,토정로31길 31,마포구 용강동 504,148 용강동 주민센터 앞,148,대여소번호,마포구,37.542347,126.943024
,서강로16길 4,마포구 노고산동 112-11,150 서강대역 2번출구 앞,150,대여소번호,마포구,37.552956,126.934341
,포은로6길 10,마포구 망원동 403-10,151 망원1동주민센터,151,대여소번호,마포구,37.555687,126.905548
,월드컵로25길 173,마포구 망원동 453-3,152 마포구민체육센터 앞,152,대여소번호,마포구,37.55661,126.898018
,월드컵북로 132,마포구 성산동 51-12,153 성산2교 사거리,153,대여소번호,마포구,37.564697,126.912613
,월드컵로 147,마포구 망원동 477-3,154 마포구청역 ,154,대여소번호,마포구,37.560909,126.905495
,성암로 17,마포구 성산동 123-5,155 가좌역1.2번출구,155,대여소번호,마포구,37.56855,126.914513
,마포대로 180,마포구 공덕동 105-10,156 서울서부지방법원 앞,156,대여소번호,마포구,37.549904,126.955147
,마포대로 216,마포구 아현동 609-3,157 애오개역 4번출구 앞,157,대여소번호,마포구,37.553001,126.956688
,동교로 2,마포구 망원동 218-7,181 망원초록길 입구,181,대여소번호,마포구,37.551342,126.902672
,동교로3길 6,마포구 망원동 218-6,182 망원2빗물펌프장 앞,182,대여소번호,마포구,37.551567,126.902847
,연남로 69,마포구 연남동 365-26,183 하늘채코오롱아파트 건너편,183,대여소번호,마포구,37.565166,126.919395
,월드컵로 120,마포구 성산동 253-25,184 SK망원동주유소 건너편,184,대여소번호,마포구,37.558949,126.907753
,신수로 11,마포구 현석동 138-4,185 마포 신수공원앞,185,대여소번호,마포구,37.542545,126.934296
,월드컵로 243-60,마포구 성산동 548-3,186 월드컵공원,186,대여소번호,마포구,37.563965,126.898209
,null,마포구 성산동 529-61,199 서울 월드컵 경기장,199,대여소번호,마포구,37.566845,126.896446
,홍제천로 6,서대문구 연희동 446-15,110 사천교,110,대여소번호,서대문구,37.568199,126.917847
,신촌로 1,서대문구 창천동 515-7,115 사루비아 빌딩 앞,115,대여소번호,서대문구,37.558933,126.927116
,동교로 290,서대문구 연희동 218-17,116 일진아이윌아파트 옆,116,대여소번호,서대문구,37.564541,126.927071
,통일로 483,서대문구 홍은동 225-5,117 홍은사거리,117,대여소번호,서대문구,37.591198,126.941093
,세검정로3길 69-6,서대문구 홍제동 277-33,123 문화촌 공원,123,대여소번호,서대문구,37.59433,126.947388
,신촌로 91,서대문구 창천동 30-35,128 신촌역(2호선) 1번출구 옆,128,대여소번호,서대문구,37.555496,126.93634
,증가로 264,서대문구 북가좌동 342-14,131 증산2교,131,대여소번호,서대문구,37.584171,126.911102
,연세로5나길 6,서대문구 창천동 53-103,132 창천문화공원,132,대여소번호,서대문구,37.556789,126.935883
,불광천길 152,서대문구 북가좌동 345-26,133 해담는다리,133,대여소번호,서대문구,37.582031,126.908997
,명물길 24,서대문구 창천동 13-19,134 연세로 명물길,134,대여소번호,서대문구,37.557892,126.93808
,연세로12길 39,서대문구 창천동 31-61,135 명물거리 원형무대 앞,135,대여소번호,서대문구,37.559101,126.939178
,신촌로 155,서대문구 대현동 101-25,137 NH농협 신촌지점 앞,137,대여소번호,서대문구,37.556812,126.943184
,성산로22길 40,서대문구 창천동 70-59,138 신촌동 제1공영주차장 앞,138,대여소번호,서대문구,37.559177,126.934525
,성산로22길 22,서대문구 창천동 84-43,139 연세대 정문 건너편,139,대여소번호,서대문구,37.559795,126.934479
,null,서대문구 신촌동 89-26,140 이화여대 후문,140,대여소번호,서대문구,37.560009,126.940735
,연세로 50,서대문구 연희동 27-2,141 연대 대운동장 남문 옆,141,대여소번호,서대문구,37.562382,126.932648
,영천시장길 16,서대문구 영천동 69-21,158 독립문 어린이 공원,158,대여소번호,서대문구,37.571259,126.96048
,신촌로 183,서대문구 대현동 45-9,159 이대역 4번 출구,159,대여소번호,서대문구,37.556953,126.946342
,신촌로 299,서대문구 북아현동 126-29,160 아현동 가구거리,160,대여소번호,서대문구,37.557549,126.959381
,통일로 356,서대문구 홍제동 26-4,161 무악재역1번 출구,161,대여소번호,서대문구,37.582245,126.950645
,성산로 553,서대문구 대신동 111-3,162 봉원고가차도 밑,162,대여소번호,서대문구,37.565269,126.946243
,가좌로 123,서대문구 홍은동 354-2,163 명지전문대학교 정문 앞,163,대여소번호,서대문구,37.583698,126.924965
,수색로 100-55,서대문구 북가좌동 477,164 북가좌1동 주민센터 ,164,대여소번호,서대문구,37.574478,126.910049
,거북골로 137,서대문구 북가좌동 115-9,165 모래내 우체국,165,대여소번호,서대문구,37.575138,126.91394
,모래내로15길 37,서대문구 남가좌동 119-17,166 남가좌1동 주민센터,166,대여소번호,서대문구,37.573277,126.919678
,증가로12가길 49-50,서대문구 북가좌동 70-119,167 연가초등학교 옆,167,대여소번호,서대문구,37.57946,126.91713
,모래내로15길 84,서대문구 남가좌동 186-8,168 남가좌동 시장삼거리,168,대여소번호,서대문구,37.574821,126.918053
,수색로 100,서대문구 북가좌동 474-2,169 북가좌 삼거리,169,대여소번호,서대문구,37.57383,126.906845
,모래내로 205,서대문구 남가좌동 84-2,170 가재울 뉴타운 주유소 옆,170,대여소번호,서대문구,37.573032,126.922806
,통일로 81,서대문구 미근동 315-10,171 임광빌딩 앞,171,대여소번호,서대문구,37.562134,126.969254
,연희로 182,서대문구 연희동 76-11,172 서대문소방서,172,대여소번호,서대문구,37.573254,126.935722
,충정로 70,서대문구 미근동 9-4,173 서대문역 8번출구 앞,173,대여소번호,서대문구,37.564777,126.966148
,모래내로 297,서대문구 홍은동 422-6,175 홍연2교옆,175,대여소번호,서대문구,37.578072,126.930817
,수색로 27,서대문구 남가좌동 293-88,179 가좌역 4번출구 앞,179,대여소번호,서대문구,37.569122,126.914795
,충정로 7,서대문구 충정로3가 56-1,180 충정로역 7번출구 뒤,180,대여소번호,서대문구,37.559967,126.962463
,연희로 331,서대문구 홍은동 265-17,188 홍은동 정원여중 입구,188,대여소번호,서대문구,37.586388,126.935127
,응암로 66,서대문구 북가좌동 306-21,191 정명학원,191,대여소번호,서대문구,37.578892,126.910736
,홍제천로2다길 21,서대문구 연희동 519-293,192 연서어린이공원,192,대여소번호,서대문구,37.572227,126.923065
,불광천길 86,서대문구 북가좌동 348-16,178 증산3교 앞,178,대여소번호,서대문구,37.579876,126.906349
,null,서대문구 북가좌동 415,194 증산교 앞,194,대여소번호,서대문구,37.577316,126.902969
,수색로 100,서대문구 북가좌동 362-4,177 북가좌 초등학교,177,대여소번호,서대문구,37.577675,126.909805
,연남로 92,서대문구 연희동 375-51,195 모래내고가차도 ,195,대여소번호,서대문구,37.567657,126.917809
,연희로5길 62-11,서대문구 연희동 413-38,196 연희교차로 인근,196,대여소번호,서대문구,37.56612,126.925896
,충정로 35,서대문구 충정로3가 145-13,198 충청2교,198,대여소번호,서대문구,37.562138,126.963776
,광나루로 253,성동구 송정동 81-10,506 금호 어울림 아파트 앞,506,대여소번호,성동구,37.549061,127.057793
,광나루로 248-31,성동구 성수동2가 289-168,507 성수아이에스비즈타워 앞,507,대여소번호,성동구,37.548203,127.057114
,성수이로 118,성동구 성수동2가 277-17,508 성수아카데미타워 앞,508,대여소번호,성동구,37.545166,127.05751
,성덕정9가길 13,성동구 성수동2가 333-109,509 이마트 버스정류소 옆,509,대여소번호,성동구,37.539654,127.052589
,왕십리로 38,성동구 성수동1가 685-623,510 서울숲 남문 버스정류소 옆,510,대여소번호,성동구,37.541222,127.0438
,왕십리로 78,성동구 성수동1가 685-710,511 서울숲역 4번 출구 옆,511,대여소번호,성동구,37.544582,127.044609
,왕십리로 124,성동구 성수동1가 656-1899,512 뚝섬역 1번 출구 옆,512,대여소번호,성동구,37.548561,127.045006
,아차산로 50-1,성동구 성수동1가 14-62,513 뚝섬역 5번 출구 정류소 옆,513,대여소번호,성동구,37.546307,127.049805
,성수이로22길 60,성동구 성수동2가 277-70,514 성수사거리 버스정류장 옆,514,대여소번호,성동구,37.54258,127.063309
,청계천로10가길 62,성동구 마장동 610-4,518 청계천 박물관 앞,518,대여소번호,성동구,37.571526,127.035355
,왕십리로 357,성동구 하왕십리동 946-40,520 상왕십리역 4번 출구 앞,520,대여소번호,성동구,37.563858,127.030319
,왕십리로 309,성동구 행당동 280-1,521 왕십리역 11번 출구 앞,521,대여소번호,성동구,37.561447,127.03492
,동호로 102,성동구 금호동3가 1383-1,522 금호역 1번출구 앞,522,대여소번호,성동구,37.548641,127.016426
,독서당로 207,성동구 옥수동 328-171,523 옥수동성당 옆,523,대여소번호,성동구,37.543663,127.014061
,금호로 107,성동구 금호동1가 1747-2,524 래미안금호하이리버  아파트 102동 옆,524,대여소번호,성동구,37.5522,127.025055
,마조로1길 4,성동구 행당동 20-2,525 한양대병원사거리,525,대여소번호,성동구,37.558052,127.040352
,천호대로 336,성동구 용답동 223-1,526 용답토속공원 앞,526,대여소번호,성동구,37.563511,127.056725
,천호대로 400,성동구 용답동 232-1,529 장안평역 8번 출구 앞,529,대여소번호,성동구,37.561371,127.06366
,무학로 50,성동구 하왕십리동 286-145,530 청계벽산아파트·텐즈힐아파트 정류소,530,대여소번호,성동구,37.568748,127.030403
,장터길 46,성동구 금호동4가 1109,533 우리은행 금호동 지점 앞,533,대여소번호,성동구,37.548149,127.021088
,무수막길 6,성동구 금호동2가 1206-1,534 금호사거리,534,대여소번호,성동구,37.548634,127.025726
,독서당로 435,성동구 응봉동 134-26,535 응봉삼거리,535,대여소번호,성동구,37.553986,127.033592
,행당로 89,성동구 행당동 317-1969,536 행당역 2번출구 앞,536,대여소번호,성동구,37.55735,127.029213
,마조로 30,성동구 행당동 12-5,537 한양대후문역 부근,537,대여소번호,성동구,37.560356,127.041397
,용답중앙3나길 14,성동구 용답동 102-7,538 답십리역 8번출구 앞,538,대여소번호,성동구,37.56765,127.051155
,청계천로 540,성동구 마장동 527-5,550 서울시설공단 앞,550,대여소번호,성동구,37.57164,127.03566
,뚝섬로 51,성동구 옥수동 64-2,556 달맞이공원,556,대여소번호,성동구,37.542053,127.020401
,마장로 141,성동구 상왕십리동 212-2,557 도선동 주민센터 앞,557,대여소번호,성동구,37.567642,127.025696
,고산자로 279,성동구 행당동 192-63,558 성동광진 교육지원청 앞,558,대여소번호,성동구,37.564606,127.036522
,왕십리광장로 10-1,성동구 행당동 225-2,559 왕십리역 7번출구,559,대여소번호,성동구,37.561096,127.036797
,동일로 215,성동구 송정동 73-1095,560 송정동 공영주차장 부근,560,대여소번호,성동구,37.551205,127.068932
,왕십리로 66-26,성동구 성수동1가 656-1976,561 서울숲역 2번출구 앞,561,대여소번호,성동구,37.542816,127.04467
,동일로 313,성동구 송정동 99-54,562 군자지하보도 앞,562,대여소번호,성동구,37.559246,127.07341
,광나루로 296,성동구 성수동2가 280-45,563 성동세무서 건너편,563,대여소번호,성동구,37.547913,127.062752
,동호로 99,성동구 금호동4가 1482,564 금호역 3번출구,564,대여소번호,성동구,37.547928,127.015572
,독서당로40길 39,성동구 옥수동 192-1,565 옥수역 3번 출구,565,대여소번호,성동구,37.541363,127.017662
,아차산로 113,성동구 성수동2가 300-1,567 성수역 2번출구 앞,567,대여소번호,성동구,37.54459,127.057083
,청계천로 422,성동구 상왕십리동 14-14,568 청계8가사거리 부근,568,대여소번호,성동구,37.571102,127.02356
,독서당로 378,성동구 응봉동 193-82,569 응봉봉현대아파트 정류소,569,대여소번호,성동구,37.549583,127.030243
,무학로 32,성동구 홍익동 456,519 양지사거리,519,대여소번호,성동구,37.566994,127.029915
,광나루로 289,성동구 송정동 75-73,578 성동세무서 부근,578,대여소번호,성동구,37.548286,127.062088
,마장로 288,성동구 마장동 794-1,579 마장역 4번출구,579,대여소번호,성동구,37.565205,127.041847
,금호로 151,성동구 금호동2가 449-1,580 신금호역 3번출구 뒤,580,대여소번호,성동구,37.55439,127.020149
,용답25길 3,성동구 용답동 24-32,581 용답초등학교,581,대여소번호,성동구,37.561012,127.054237
,성수일로4길 2,성동구 성수동1가 656-6,582 경일중학교 앞,582,대여소번호,성동구,37.543179,127.04908
,살곶이길 69,null,583 청계천 생태교실 앞,583,대여소번호,성동구,37.56945,127.045296
,둘레15길 22-1,성동구 성수동2가 576-1,585 성수2가1동 공영주차장 인근,585,대여소번호,성동구,37.536808,127.055489
,마장로42길 14,성동구 마장동 784-1,586 마장동 주민센터,586,대여소번호,성동구,37.565941,127.045395
,아차산로 78,성동구 성수동2가 302-4,587 KEB하나은행 성수중앙지점 ,587,대여소번호,성동구,37.545418,127.052643
,공항대로 612,양천구 목동 513-4,700 KB국민은행 염창역 지점 앞,700,대여소번호,양천구,37.546848,126.872772
,등촌로 30,양천구 목동 813,701 목동사거리 부근,701,대여소번호,양천구,37.532803,126.86393
,목동중앙서로 42-1,양천구 목동 904-5,702 목4동주민센터 옆,702,대여소번호,양천구,37.532543,126.868729
,오목로 344,양천구 목동 405-426,703 오목교역 7번출구 앞,703,대여소번호,양천구,37.524063,126.87558
,목동로 163,양천구 신정동 1007-11,704 남부법원검찰청 교차로,704,대여소번호,양천구,37.523254,126.864906
,중앙로 291,양천구 신월동 502-5,706 신정네거리역,706,대여소번호,양천구,37.521881,126.851753
,중앙로 209,양천구 신정동 1263,707 신정3동주민센터,707,대여소번호,양천구,37.515156,126.854897
,목동동로 151,양천구 신정동 319-2,708 서울출입국관리사무소 앞,708,대여소번호,양천구,37.51897,126.869965
,남부순환로88길 5-7,양천구 신정동 1287-4,709 신정3동 현장민원실 앞,709,대여소번호,양천구,37.511585,126.84156
,남부순환로 654,양천구 신정동 759-5,710 서부화물트럭터미널 사거리,710,대여소번호,양천구,37.510658,126.842537
,중앙로29길 64,양천구 신정동 1219-13,711 신일해피트리아파트 앞,711,대여소번호,양천구,37.517059,126.848488
,지양로 2,양천구 신월동 994-3,712 강월초교입구 사거리,712,대여소번호,양천구,37.516998,126.838318
,남부순환로 383,양천구 신월동 169-4,713 양서중학교 옆,713,대여소번호,양천구,37.533047,126.829956
,남부순환로 391,양천구 신월동 136-3,714 한국SGI 양천문화회관 앞,714,대여소번호,양천구,37.532547,126.830803
,목동서로 355,양천구 신정동 322-1,716 햇빛문고 앞,716,대여소번호,양천구,37.517281,126.864334
,등촌로 6,양천구 목동 807-13,719 홍익병원앞 교차로(양천구 등촌로 2 앞),719,대여소번호,양천구,37.530369,126.864258
,신월로 99,양천구 신월동 987-4,720 서울강월초등학교 앞,720,대여소번호,양천구,37.516197,126.8349
,null,null,200 국회의원회관,200,대여소번호,null,37.528728,126.914925
,국회대로 800,영등포구 여의도동 13,201 진미파라곤 앞,201,대여소번호,영등포구,37.531239,126.921333
,여의공원로 101,null,202 국민일보 앞,202,대여소번호,영등포구,37.528816,126.92453
,의사당대로 13,영등포구 여의도동 15-22,203 국회의사당역 5번출구 옆,203,대여소번호,영등포구,37.528057,126.918701
,의사당대로 8,영등포구 여의도동 17-3,204 국회의사당역 3번출구 옆,204,대여소번호,영등포구,37.528164,126.917023
,null,null,205 산업은행 앞,205,대여소번호,null,37.526264,126.920509
,null,null,206 KBS 앞,206,대여소번호,null,37.524666,126.918022
,여의나루로 121,null,207 여의나루역 1번출구 앞,207,대여소번호,영등포구,37.526989,126.932098
,국제금융로 24,영등포구 여의도동 24-3,209 중소기업진흥공단 앞,209,대여소번호,영등포구,37.524612,126.927834
,여의대로 70,영등포구 여의도동 23-2,210 신한금융투자후문 앞,210,대여소번호,영등포구,37.525093,126.924187
,의사당대로 97,영등포구 여의도동 26-4,211 여의도역 4번출구 옆,211,대여소번호,영등포구,37.522228,126.924637
,의사당대로 108,null,212 여의도역 1번출구 옆,212,대여소번호,영등포구,37.521362,126.923462
,여의대로 14,영등포구 여의도동 28-2,213 kt 앞,213,대여소번호,영등포구,37.521908,126.918953
,여의대로 38,영등포구 여의도동 27,214 금융감독원 앞,214,대여소번호,영등포구,37.523022,126.920837
,국제금융로7길 37,null,215 여의도고교 앞,215,대여소번호,영등포구,37.524837,126.934906
,국제금융로7길 22,영등포구 여의도동 41-1,216 삼부아파트1동 앞,216,대여소번호,영등포구,37.523491,126.932899
,국제금융로8길 2,영등포구 여의도동 34-7,217 NH농협은행 앞,217,대여소번호,영등포구,37.522079,126.930367
,여의나루로 76,영등포구 여의도동 3-2,218 증권거래소 앞,218,대여소번호,영등포구,37.523277,126.929237
,의사당대로 127,영등포구 여의도동 36,219 롯데캐슬엠파이어 옆,219,대여소번호,영등포구,37.520428,126.92662
,의사당대로 110,null,220 미성아파트 A동 앞,220,대여소번호,영등포구,37.519363,126.926048
,63로 45,null,221 여의도초교 앞,221,대여소번호,영등포구,37.522675,126.93779
,63로 45,null,222 시범아파트버스정류장 옆,222,대여소번호,영등포구,37.520271,126.938881
,여의대방로 394,영등포구 여의도동 53,223 진주아파트상가 앞,223,대여소번호,영등포구,37.519314,126.933167
,국제금융로 86,영등포구 여의도동 43-5,224 롯데캐슬 앞,224,대여소번호,영등포구,37.520088,126.932365
,null,영등포구 여의도동 46-3,225 앙카라공원 앞,225,대여소번호,영등포구,37.517368,126.929253
,null,영등포구 여의도동 46-5,226 샛강역 1번출구 앞,226,대여소번호,영등포구,37.517765,126.928413
,양평로30길 51,영등포구 양화동 17-4,227 양평2나들목 보행통로 입구,227,대여소번호,영등포구,37.544666,126.888359
,양평로22길 10,영등포구 양평동4가 191-1,228 선유도역 3번출구 앞,228,대여소번호,영등포구,37.53846,126.894508
,양평로21다길 2,영등포구 양평동5가 1-3,229 양평1 보행육교 앞,229,대여소번호,영등포구,37.535873,126.892181
,선유동1로 26,영등포구 당산동2가 162-8,231 남부고용노동지청 남측,231,대여소번호,영등포구,37.524372,126.892097
,양산로 43,영등포구 양평동3가 16,232 양평우림 이비즈센타 앞,232,대여소번호,영등포구,37.52565,126.887817
,선유로 165,영등포구 양평동3가 60,233 한국연예사관 건물 앞,233,대여소번호,영등포구,37.528488,126.891647
,도림로 250,영등포구 신길동 426,234 영등포구민체육센터 앞,234,대여소번호,영등포구,37.500462,126.905846
,신길로 137,영등포구 신길동 252-9,235 신길동 우리은행 옆,235,대여소번호,영등포구,37.504566,126.910233
,당산로4길 12,영등포구 문래동3가 65-2,236 문래동자이아파트 앞,236,대여소번호,영등포구,37.516155,126.894615
,여의대방로 75,영등포구 신길동 4491-2,237 보라매 두산위브 앞,237,대여소번호,영등포구,37.496872,126.914986
,국회대로 615,영등포구 당산동4가 1-176,238 제2구민체육센타 앞,238,대여소번호,영등포구,37.526386,126.902756
,영신로 200,영등포구 영등포동7가 58-2,239 유스호스텔 앞,239,대여소번호,영등포구,37.525852,126.903282
,문래로 121,null,240 문래역 4번출구 앞,240,대여소번호,영등포구,37.518867,126.895706
,도신로 51,영등포구 도림동 254-5,241 신길우성1차아파트 앞 공원,241,대여소번호,영등포구,37.505329,126.898483
,신길로 209,영등포구 신길동 220-148,242 신길선원가와인아파트 앞,242,대여소번호,영등포구,37.510933,126.910225
,선유로 146,영등포구 양평동3가 48-1,243 이앤씨드림타워 앞,243,대여소번호,영등포구,37.527225,126.891594
,영중로 154,영등포구 영등포동8가 83-7,244 영등포삼환아파트 앞,244,대여소번호,영등포구,37.530079,126.905708
,국회대로 559,영등포구 당산동4가 38-5,245 삼성생명 당산사옥 앞,245,대여소번호,영등포구,37.528263,126.896629
,양평로 40,영등포구 당산동5가 14-4,247 당산역 10번출구 앞,247,대여소번호,영등포구,37.533688,126.902107
,null,null,248 초원아파트 앞,248,대여소번호,null,37.531528,126.924294
,국제금융로7길 46,null,249 여의도중학교 옆,249,대여소번호,영등포구,37.524475,126.935791
,여의대방로 231,영등포구 신길동 1114,250 우주마루아파트 201동 앞,250,대여소번호,영등포구,37.507641,126.92308
,여의대방로 197,영등포구 신길동 833,251 서울지방병무청 버스정류장,251,대여소번호,영등포구,37.504494,126.921951
,여의대방로 145,영등포구 신길동 506,252 보라매역4번출구(순흥빌딩),252,대여소번호,영등포구,37.499977,126.920036
,신길로 108,영등포구 신길동 253-249,253 남서울아파트 14동앞,253,대여소번호,영등포구,37.500702,126.909378
,도림로 292,영등포구 신길동 397-2,254 도림신협 앞,254,대여소번호,영등포구,37.503803,126.903419
,도신로 75,영등포구 도림동 251-5,255 도림4거리,255,대여소번호,영등포구,37.506573,126.901131
,도림로 365,영등포구 도림동 158-3,256 동아에코빌입구,256,대여소번호,영등포구,37.509476,126.8993
,영등포로 370-1,영등포구 신길동 95-256,257 신길삼거리(우리은행),257,대여소번호,영등포구,37.513844,126.919357
,경인로114가길 9,영등포구 영등포동1가 35,258 신길역3번출구,258,대여소번호,영등포구,37.517693,126.914299
,null,영등포구 여의도동 8-7,260 여의도 마리나선착장 앞,260,대여소번호,영등포구,37.533772,126.91214
,선유로 63,영등포구 문래동6가 5,262 영문초등학교 사거리,262,대여소번호,영등포구,37.519928,126.889183
,선유로 37,영등포구 문래동5가 1-1,263 근로자회관 사거리,263,대여소번호,영등포구,37.517151,126.888626
,영등포로 91,영등포구 양평동1가 9-1,264 교보생명보험 앞,264,대여소번호,영등포구,37.521931,126.891617
,당산로 68,영등포구 당산동1가 17-3,265 영등포유통상가 사거리,265,대여소번호,영등포구,37.521133,126.896538
,영등포로 178,영등포구 영등포동-6,266 영등포청과시장 사거리,266,대여소번호,영등포구,37.520447,126.901093
,양평로 76,영등포구 양평동4가 157-1,267 삼성화재 사옥 옆,267,대여소번호,영등포구,37.535961,126.8983
,양평로 67,영등포구 당산동5가 33-4,268 그랜드컨벤션센터앞,268,대여소번호,영등포구,37.534904,126.899536
,국제금융로6길 26,영등포구 여의도동 35,270 증권거래소후문교차로,270,대여소번호,영등포구,37.522343,126.927101
,여의동로 48,영등포구 여의도동 38-3,271 샛강생태공원방문자센터 앞,271,대여소번호,영등포구,37.518963,126.921616
,당산로52길 3,영등포구 당산동6가 282,272 당산육갑문,272,대여소번호,영등포구,37.535339,126.903679
,당산로 111,영등포구 당산동3가 352,230 영등포구청역 1번출구,230,대여소번호,영등포구,37.524635,126.896217
,여의대방로61길 1-1,영등포구 신길동 1367-4,259 대방역6번출구,259,대여소번호,영등포구,37.513592,126.925934
,원효로 97,용산구 원효로3가 250-10,800 목월공원 앞,800,대여소번호,용산구,37.532433,126.954742
,이태원로 294,용산구 한남동 727-33,802 한강진역 2번 출구 앞,802,대여소번호,용산구,37.541153,127.002213
,한남대로27길 14,용산구 한남동 725-28,803 한남초교 앞 보도육교,803,대여소번호,용산구,37.538139,127.004097
,백범로90길 46,용산구 문배동 24-35,805 문배어린이공원 앞,805,대여소번호,용산구,37.536758,126.970001
,청파로 83,용산구 한강로3가 16-19,806 전자랜드 본관 앞,806,대여소번호,용산구,37.533066,126.960732
,후암로57길 26,용산구 동자동 14-94,807 서울역 12번 출구 앞,807,대여소번호,용산구,37.552277,126.972687
,서빙고로 237,용산구 서빙고동 235-143,808 서빙고동 금호맨션 앞,808,대여소번호,용산구,37.520504,126.989738
,독서당로 18,용산구 한남동 522-48,809 한남 유수지 복개주차장,809,대여소번호,용산구,37.530167,127.007439
,녹사평대로 234,용산구 용산동2가 5-1620,810 이태원지하보도,810,대여소번호,용산구,37.53841,126.986649
,null,용산구 용산동2가 6-7,811 녹사평역1번출구,811,대여소번호,용산구,37.53508,126.985382
,이태원로 29,용산구 용산동1가 8-4,812 용산전쟁기념관,812,대여소번호,용산구,37.53484,126.977661
,한강대로 164,용산구 한강로1가 243-16,813 삼각지역 3번출구,813,대여소번호,용산구,37.533512,126.972275
,이촌로87길 14,용산구 이촌동 300-8,815 LIG강촌아파트 103동앞,815,대여소번호,용산구,37.518509,126.978798
,한강대로 115,용산구 한강로2가 313-4,816 신용산역 6번출구 앞,816,대여소번호,용산구,37.530148,126.968483
,한강대로 159-1,용산구 한강로1가 303-2,817 삼각지역 4번출구 앞,817,대여소번호,용산구,37.533451,126.971733
,청파로47길 20,용산구 청파동2가 90-18,818 숙명여대 입구 교차로,818,대여소번호,용산구,37.544895,126.969383
,청파로 247,용산구 청파동3가 80-5,819 선린인터넷 고등학교,819,대여소번호,용산구,37.541653,126.970505
,한강대로 346,용산구 갈월동 5-77,820 청파동입구 교차로,820,대여소번호,용산구,37.549026,126.971947
,한강대로14나길 30-3,용산구 한강로3가 65-41,822 이촌1동 마을공원,822,대여소번호,용산구,37.522041,126.965523
,효창원로 161,용산구 효창동 255-18,823 효창동주민센터 앞,823,대여소번호,용산구,37.54232,126.96196
,서빙고로 279,용산구 서빙고동 152-1,825 서빙고동 주민센터 앞,825,대여소번호,용산구,37.520336,126.994263
,사직로 114,종로구 내자동 113-2,301 경복궁역 7번출구 앞,301,대여소번호,종로구,37.575794,126.971451
,사직로 135,종로구 적선동 36-1,302 경복궁역 4번출구 뒤,302,대여소번호,종로구,37.575947,126.97406
,새문안로5길 14-1,종로구 당주동 15-5,303 광화문역 1번출구 앞,303,대여소번호,종로구,37.571732,126.974922
,세종대로 178,종로구 세종로 84-8,304 광화문역 2번출구 앞,304,대여소번호,종로구,37.572487,126.977501
,종로1길 28,종로구 세종로 87-2,305 종로구청 옆,305,대여소번호,종로구,37.572582,126.978355
,세종대로 161,종로구 세종로 200,306 광화문역 7번출구 앞,306,대여소번호,종로구,37.570808,126.976433
,새문안로 55,종로구 신문로2가 1-15,307 서울역사박물관 앞,307,대여소번호,종로구,37.57,126.9711
,새문안로 82,종로구 신문로1가 116,308 광화문 S타워 앞,308,대여소번호,종로구,37.569969,126.973938
,세종대로 149,종로구 세종로 1-81,309 광화문역 6번출구 옆,309,대여소번호,종로구,37.569889,126.976456
,삼청로 30,종로구 소격동 87-4,314 국립현대미술관,314,대여소번호,종로구,37.579708,126.980858
,율곡로 33,종로구 송현동 56-3,315 신한은행 안국역지점 옆,315,대여소번호,종로구,37.57597,126.983063
,종로 47,종로구 종로1가 40,316 종각역 1번출구 앞,316,대여소번호,종로구,37.570396,126.981789
,삼일대로 469,종로구 경운동 91-6,326 안국역 5번출구 앞,326,대여소번호,종로구,37.576241,126.98616
,삼일대로 437,종로구 낙원동 279-5,327 낙원상가 옆,327,대여소번호,종로구,37.573357,126.987465
,종로 99,종로구 종로2가 31,328 탑골공원 앞,328,대여소번호,종로구,37.570396,126.98819
,청계천로 93,종로구 관철동 37-9,329 청계2가 사거리 옆,329,대여소번호,종로구,37.568344,126.987892
,서순라길 161,종로구 권농동 23-1,333 창덕궁 매표소 앞,333,대여소번호,종로구,37.577705,126.991783
,종로 127-2,종로구 종로3가 21-1,334 종로3가역 2번출구 뒤,334,대여소번호,종로구,37.570599,126.991791
,종로 124,종로구 종로3가 123-2,335 종로3가역 15번출구 앞,335,대여소번호,종로구,37.570198,126.991257
,창경궁로 185,종로구 연건동 28-27,337 창경궁 입구,337,대여소번호,종로구,37.578979,126.996475
,창경궁로 109,종로구 인의동 112-4,338 세운스퀘어 앞,338,대여소번호,종로구,37.571331,126.997528
,종로 185,종로구 종로4가 15-1,339 종로4가 사거리,339,대여소번호,종로구,37.571068,126.998192
,창경궁로 271-1,종로구 혜화동 114-2,340 혜화동 로터리,340,대여소번호,종로구,37.585629,127.000679
,대학로 103,종로구 명륜4가 97-1,341 혜화역 3번출구 뒤,341,대여소번호,종로구,37.58157,127.001785
,동숭길 3,종로구 동숭동 155-1,342 대학로 마로니에공원,342,대여소번호,종로구,37.579784,127.002533
,율곡로 240,종로구 충신동 56-6,343 예일빌딩(율곡로) 앞,343,대여소번호,종로구,37.575432,127.004982
,율곡로 259-2,종로구 충신동 27-112,344 성균관대 E하우스 앞,344,대여소번호,종로구,37.574036,127.006721
,김상옥로 30,종로구 연지동 136-10,345 서울보증보험본사 앞,345,대여소번호,종로구,37.573307,127.00071
,통일로 196-33,종로구 교북동 10-6,348 독립문역 사거리,348,대여소번호,종로구,37.572025,126.961
,사직로9길 5,종로구 사직동 1-14,349 사직동주민센터,349,대여소번호,종로구,37.576332,126.96859
,사직로8길 39,종로구 적선동 124-2,350 KEB 하나은행(내자동 지점) 앞,350,대여소번호,종로구,37.574268,126.973206
,자하문로28길 3,종로구 청운동 108-22,351 청운초교 앞 삼거리,351,대여소번호,종로구,37.585079,126.970619
,창덕궁길 191,종로구 가회동 10-6,352 중앙고입구 삼거리,352,대여소번호,종로구,37.583179,126.985329
,북촌로5길 2,종로구 재동 19,353 재동초교 앞 삼거리,353,대여소번호,종로구,37.579388,126.984947
,창덕궁1길 3,종로구 원서동 159,354 포르투갈 대사관 앞,354,대여소번호,종로구,37.579155,126.98896
,대학로 60,종로구 연건동 178-3,355 서울사대부속초교 앞,355,대여소번호,종로구,37.576508,127.002457
,대학로 65,종로구 연건동 128-9,356 KT혜화지사 앞,356,대여소번호,종로구,37.577152,127.001549
,창경궁로 234,종로구 명륜4가 188-4,358 성대입구 사거리,358,대여소번호,종로구,37.5825,126.998535
,율곡로 169,종로구 원남동 106-1,359 원남동사거리,359,대여소번호,종로구,37.576061,126.997681
,종로 347,종로구 숭인동 83-5,361 동묘앞역 1번출구 뒤,361,대여소번호,종로구,37.573242,127.015907
,청계천로 407,종로구 숭인동 1436,362 청계8가 사거리,362,대여소번호,종로구,37.572224,127.022705
,종로 411-2,종로구 숭인동 1311,363 신설동역 11번출구 뒤,363,대여소번호,종로구,37.57576,127.022835
,지봉로 87,종로구 창신동 23-816,364 창신역 1번출구 앞,364,대여소번호,종로구,37.577957,127.014793
,통일로 238-1,종로구 무악동 41-7,367 독립문역 3번출구 뒤,367,대여소번호,종로구,37.573849,126.958694
,종로 26,종로구 서린동 99,368 SK 서린빌딩 앞,368,대여소번호,종로구,37.569637,126.980255
,종로1길 55-1,종로구 세종로 76-5,369 광화문 시민열린마당,369,대여소번호,종로구,37.575493,126.9785
,청계천로 41,종로구 서린동 26-1,385 종각역5번출구,385,대여소번호,종로구,37.569836,126.982658
,성균관로 91,종로구 혜화동 1-19,386 올림픽기념 국민생활관 앞,386,대여소번호,종로구,37.590233,126.99852
,창경궁로 279,종로구 혜화동 56,388 동성중학교 앞,388,대여소번호,종로구,37.585735,127.00161
,정동길 2,중구 충정로1가 51-5,300 정동사거리,300,대여소번호,중구,37.56805,126.969231
,청계천로 8,중구 태평로1가 2-2,310 청계광장 옆,310,대여소번호,중구,37.568878,126.97747
,세종대로 110,중구 정동 3-9,311 서울광장 옆,311,대여소번호,중구,37.566612,126.97747
,세종대로 93,중구 태평로2가 360-1,312 시청역 1번출구 뒤,312,대여소번호,중구,37.564674,126.976738
,통일로 15,중구 봉래동2가 124,313 서울역 광장 파출소 옆,313,대여소번호,중구,37.556961,126.971771
,남대문로 125,중구 다동 85-1,318 광교사거리 남측,318,대여소번호,중구,37.568527,126.982552
,을지로 51,중구 을지로2가 3-3,320 을지로입구역 4번출구 앞,320,대여소번호,중구,37.566223,126.983589
,명동9길 37,중구 을지로2가 199-8,321 한국외환은행 본점 앞,321,대여소번호,중구,37.565464,126.984138
,명동길 83,중구 명동2가 1-15,322 명동성당 앞,322,대여소번호,중구,37.564476,126.986969
,소공로 63,중구 충무로1가 3-1,324 신세계백화점 본점 앞,324,대여소번호,중구,37.561176,126.980942
,남대문로10길 33,중구 삼각동 30-1,330 청계천 한빛광장,330,대여소번호,중구,37.56781,126.984497
,을지로 88,중구 을지로2가 50-5,331 을지로2가 사거리 북측,331,대여소번호,중구,37.566383,126.987206
,을지로 100,중구 을지로2가 153-2,332 을지로2가 사거리 남측,332,대여소번호,중구,37.56599,126.987793
,수표로6길 45,중구 충무로3가 30-20,336 티마크 호텔 앞,336,대여소번호,중구,37.562618,126.992836
,장충단로 280,중구 을지로6가 18-1,346 남평화시장,346,대여소번호,중구,37.569183,127.00988
,장충단로 228-2,중구 을지로7가 134-8,347 동대문역사문화공원역 9번출구 앞,347,대여소번호,중구,37.565331,127.007843
,서소문로 124,중구 서소문동 78-2,370 시청역(2호선) 9번출구 뒤,370,대여소번호,중구,37.563229,126.974838
,동호로 256,중구 장충동2가 6-8,371 동대입구역 6번출구 뒤,371,대여소번호,중구,37.558872,127.005539
,동호로 180,중구 신당동 373-3,372 약수역 4번출구 뒤,372,대여소번호,중구,37.554295,127.0112
,다산로16길 38,중구 신당동 346-583,373 약수 어린이공원,373,대여소번호,중구,37.555859,127.013855
,청구로 77,중구 신당동 292-197,374 청구역 2번출구 앞,374,대여소번호,중구,37.560474,127.014076
,다산로42나길 14,중구 신당동 122-9,375 다산 어린이공원,375,대여소번호,중구,37.563717,127.018425
,세종대로 10-2,중구 남대문로5가 84-1,377 서울역 4번출구 앞,377,대여소번호,중구,37.557812,126.973488
,다산로 290,중구 흥인동 167-4,378 청계7가 사거리,378,대여소번호,중구,37.569805,127.016953
,한강대로 416,중구 봉래동2가 126,379 서울역9번출구,379,대여소번호,중구,37.556,126.973358
,동호로 331,중구 쌍림동 146-22,380 CJ제일제당 앞,380,대여소번호,중구,37.563866,127.002747
,동호로 241,중구 장충동2가 200-103,381 장충체육관,381,대여소번호,중구,37.558533,127.006989
,동호로 193,중구 신당동 355-35,382 약수역 10번출구 앞,382,대여소번호,중구,37.555199,127.010048
,퇴계로 406-1,중구 신당동 100-5,383 신당역 12번 출구 뒤,383,대여소번호,중구,37.565311,127.016762
,청파로 450,중구 중림동 21-1,384 종로학원본원 앞,384,대여소번호,중구,37.55978,126.968506
,을지로 227,중구 을지로5가 40-3,387 훈련원공원 주차장 앞,387,대여소번호,중구,37.567329,127.003525
,녹번로 16,은평구 녹번동 85-5,900 은평예술회관,900,대여소번호,은평구,37.603943,126.927696
,은평로 170,은평구 응암동 96-2,901 응암1동사무소,901,대여소번호,은평구,37.600975,126.926956
,진관3로 15-45,은평구 진관동 49-8,902 진관동 은빛초등학교,902,대여소번호,은평구,37.643108,126.918221
,진관4로 47,은평구 진관동 13-15,903 은평뉴타운 아이파크,903,대여소번호,은평구,37.645866,126.927391
,진관4로 107,은평구 진관동 5-3,904 은평뉴타운 푸르지오,904,대여소번호,은평구,37.648674,126.930702
,진관2로 29-21,은평구 진관동 222-3,905 구파발역 2번출구,905,대여소번호,은평구,37.636234,126.918999
,연서로 212,은평구 대조동 199-28,906 연신내역 5번출구,906,대여소번호,은평구,37.61721,126.919579
,은평로 85,은평구 응암동 91-8,907 CJ 드림시티,907,대여소번호,은평구,37.599491,126.916862
,연서로 159,은평구 갈현동 464-5,908 구산역 4번출구,908,대여소번호,은평구,37.613186,126.917351
,백련산로 13,은평구 응암동 761-9,909 백련산 힐스테이트 3차,909,대여소번호,은평구,37.586994,126.922882
,서오릉로 63,은평구 녹번동 153-48,911 은평평화공원(역촌역4번출구),911,대여소번호,은평구,37.605583,126.922935
,응암로 197,은평구 응암동 600-1,912 응암오거리,912,대여소번호,은평구,37.589661,126.916946
,은평로 111,은평구 응암동 90-16,913 이마트,913,대여소번호,은평구,37.6007,126.920128
,증산로 387-1,은평구 신사동 352-2,914 새절역 2번출구,914,대여소번호,은평구,37.590797,126.913651
,증산로 305,은평구 증산동 168-2,915 증산역 4번출구,915,대여소번호,은평구,37.584381,126.909897
,서오릉로 87,은평구 역촌동 15-40,916 평생학습관 앞,916,대여소번호,은평구,37.607849,126.921326
,통일로 611,은평구 녹번동 49-3,917 녹번역 4번출구,917,대여소번호,은평구,37.601299,126.935349
,통일로 757,은평구 불광동 260-2,918 서부경찰서,918,대여소번호,은평구,37.612679,126.927757
,통일로 684,은평구 녹번동 116-2,919 서울혁신파크,919,대여소번호,은평구,37.607948,126.932503
,통일로 961,은평구 진관동 241-27,921 신도고등학교,921,대여소번호,은평구,37.630016,126.919029
,통일로 833,은평구 대조동 185-9,922 연신내역 4번출구,922,대여소번호,은평구,37.617802,126.921967
,연서로 282,은평구 불광동 355-7,923 국민은행 연서지점,923,대여소번호,은평구,37.620949,126.925636
,연서로 370,은평구 진관동 161-19,924 메뚜기다리,924,대여소번호,은평구,37.628517,126.929581
,통일로 712-1,은평구 불광동 281-188,925 불광역 2번출구,925,대여소번호,은평구,37.609566,126.930977
,통일로 736,은평구 불광동 276-6,926 불광역 8번출구,926,대여소번호,은평구,37.611179,126.929665
,통일로 830,은평구 불광동 306-5,927 연신내역 3번출구 인근,927,대여소번호,은평구,37.617855,126.922523
,연서로 534,은평구 진관동 135-9,928 은평역사한옥박물관,928,대여소번호,은평구,37.641315,126.938042
,은평로 147,은평구 응암동 86-15,929 국민은행 응암점,929,대여소번호,은평구,37.601051,126.924225
,진흥로 51,은평구 역촌동 41-52,930 구 서부경찰서 건너편,930,대여소번호,은평구,37.601662,126.920303
,연서로 63-1,은평구 역촌동 62-21,931 역촌파출소,931,대여소번호,은평구,37.604736,126.915337
,연서로 117,은평구 역촌동 7-13,932 예일여중,932,대여소번호,은평구,37.610004,126.916397
,서오릉로 165,은평구 구산동 198-3,933 LG 서비스 역촌점,933,대여소번호,은평구,37.612484,126.914879
,새문안로 3,종로구 평동 213,365 서대문역 3번출구 뒤,365,대여소번호,종로구,37.566471,126.966827
,월드컵북로60길 17,마포구 상암동 1695-1,404 우리금융상암센터 교차로,404,대여소번호,마포구,37.583481,126.886696
,답십리로 209,null,603 동대문구 체육관,603,대여소번호,동대문구,37.572655,127.063637
,남대문로 52-1,중구 충무로1가 13-2,323 서울 중앙우체국 앞,323,대여소번호,중구,37.561794,126.981583
,당산로 123,영등포구 당산동3가 385-1,영등포구청 대여소,무인자전거대여소,구분,영등포구,37.526156,126.89589
,당산로52길 3,영등포구 당산동6가 282,영등포구 당산대여소,무인자전거대여소,구분,영등포구,37.535319,126.903762
,덕릉로115다길 68,노원구 상계동 65-46,당고개역 대여소,유인자전거대여소,구분,노원구,37.669954,127.078646
,상계로 190,노원구 중계동 141-87,상계역 대여소,유인자전거대여소,구분,노원구,37.661271,127.07395
,중계로 167,노원구 중계동 364-4,노원문화예술회관 대여소,유인자전거대여소,구분,노원구,37.650276,127.080846
,동일로207길 140,노원구 하계동 308,당현천 대여소,유인자전거대여소,구분,노원구,37.639496,127.060467
,동일로191길 36,노원구 공릉동 626-16,섬밭길 대여소,유인자전거대여소,구분,노원구,37.624808,127.070308
,마들로 111,노원구 월계동 1,월계한내공원 대여소,유인자전거대여소,구분,노원구,37.623963,127.068375
,null,노원구 상계동 767-7,녹천교 대여소,유인자전거대여소,구분,노원구,37.646337,127.05663
,덕릉로 483,노원구 중계동 500,중계 어린이교통공원 대여소,유인자전거대여소,구분,노원구,37.645534,127.062652
,송파대로 514,null,잠실대여소,유인자전거대여소,구분,송파구,37.511441,127.101923
,문정로 196,송파구 거여동 19-12,거여마천대여소,유인자전거대여소,구분,송파구,37.495828,127.139664
,중대로2길 6,송파구 가락동 632-2,문정가락대여소,유인자전거대여소,구분,송파구,37.488948,127.109608
,토성로 2,송파구 풍납동 308-2,풍납대여소,유인자전거대여소,구분,송파구,37.531414,127.11081
,통일로 483,서대문구 홍제동 294-85,홍은사거리,무인자전거대여소,구분,서대문구,37.591054,126.941402
,성산로 253-4,서대문구 연희동 446-27,사천교,무인자전거대여소,구분,서대문구,37.567938,126.917917
,간호대로3길 36-6,서대문구 홍제동 277-82,문화촌 어린이공원,무인자전거대여소,구분,서대문구,37.595121,126.947363
,불광천길 152,서대문구 북가좌동 345-26,해담는다리,무인자전거대여소,구분,서대문구,37.582086,126.908793
,불광천길 216,서대문구 북가좌동 342-15,증산2교,무인자전거대여소,구분,서대문구,37.584288,126.911129
,녹사평대로 150,용산구 이태원동 34-87,용산구종합행정타운,무인자전거대여소,구분,용산구,37.532444,126.990183
,이촌로 125,용산구 이촌동 297-11,교통안전체험장,무인자전거대여소,구분,용산구,37.522655,126.961366
,안양천로 1156,양천구 목동 138-17,신목동역자전거 주차장 겸 무료대여소,유인자전거대여소,구분,양천구,37.544276,126.883171
,목동서로 143,양천구 목동 918,목동무료대여소,유인자전거대여소,구분,양천구,37.530736,126.875428
,현충로 90,동작구 흑석동 114-46,흑석대여소,유인자전거대여소,구분,동작구,37.50918,126.963627
,신대방2길 14,동작구 신대방동 459-11,보라매대여소,유인자전거대여소,구분,동작구,37.488267,126.913672
,방배로 76,서초구 방배동 984-5,방배자전거무료대여소,유인자전거대여소,구분,서초구,37.48125,126.997961
,남부순환로 2585,서초구 서초동 1376-8,양재역 스테이션,서초구 공공자전거,구분,서초구,37.484071,127.034081
,논현로 98,null,삼호물산 스테이션,서초구 공공자전거,구분,서초구,37.4784,127.044298
,논현로1길 23,서초구 양재동 402-6,구룡사삼거리 스테이션,서초구 공공자전거,구분,서초구,37.471502,127.050723
,매헌로 116,서초구 양재동 237-1,양재시민의숲역 스테이션,서초구 공공자전거,구분,서초구,37.469843,127.038734
,매헌로 16,서초구 양재동 215-1,하이브랜드 스테이션,서초구 공공자전거,구분,서초구,37.462468,127.03647
,바우뫼로 43,서초구 우면동 68-1,바우뫼 문화복지회관 스테이션,서초구 공공자전거,구분,서초구,37.471725,127.026986
,태봉로2길 65,null,우면동 네이처힐 스테이션,서초구 공공자전거,구분,서초구,37.462664,127.026433
,양재대로2길 74,서초구 우면동 559-2,우면동 스타힐스 스테이션,서초구 공공자전거,구분,서초구,37.455984,127.019198
,잠원로4길 46,서초구 잠원동 61-7,잠원역 스테이션,서초구 공공자전거,구분,서초구,37.512893,127.01128
,잠원로 127,서초구 잠원동 71-20,신반포아파트 스테이션,서초구 공공자전거,구분,서초구,37.512961,127.005983
,신반포로 177,서초구 잠원동 75-20,고속터미널역 스테이션,서초구 공공자전거,구분,서초구,37.506134,127.004115
,동작대로 108,서초구 방배동 3255,이수역 스테이션,서초구 공공자전거,구분,서초구,37.485889,126.982473
,동광로12길 32,서초구 방배동 3049-2,뒷벌공원 스테이션,서초구 공공자전거,구분,서초구,37.489931,126.986617
,null,서초구 신원동 276,청계산입구역 스테이션,서초구 공공자전거,구분,서초구,37.448958,127.054325
,헌릉로8길 45,서초구 내곡동 123-1,언남초등학교 스테이션,서초구 공공자전거,구분,서초구,37.454338,127.062073
,null,마포구 상암동 482-154,난지대여소,유인자전거대여소,구분,마포구,37.56502,126.88071
,마포나루길 407,마포구 망원동 294-8,망원대여소,유인자전거대여소,구분,마포구,37.556306,126.89425
,null,null,이촌대여소,유인자전거대여소,구분,null,37.517049,126.969449
,null,null,뚝섬대여소,유인자전거대여소,구분,null,37.530793,127.066568
,null,강동구 천호동 481-1,광나루대여소,유인자전거대여소,구분,강동구,37.544711,127.119093
,양천로27길 280-11,강서구 방화동 17-6,강서대여소,유인자전거대여소,구분,강서구,37.58489,126.820868
,null,영등포구 양화동 25-1,양화대여소,유인자전거대여소,구분,영등포구,37.544076,126.892643
,null,null,여의도 1 대여소(마포대교 옆),유인자전거대여소,구분,null,37.530121,126.928504
,null,null,여의도 2 대여소(원효대교 옆),유인자전거대여소,구분,null,37.524708,126.936942
,null,서초구 잠원동 122-2,반포대여소,유인자전거대여소,구분,서초구,37.512281,127.001962
,강남대로 708,null,잠원대여소,유인자전거대여소,구분,강남구,37.52448,127.015906
,null,null,잠실대여소,유인자전거대여소,구분,null,37.517517,127.08196
,관천로 52,관악구 신림동 1433-158,자전거종합서비스센터 대여소,유인자전거대여소,구분,관악구,37.484130142,126.926354424
,구의강변로 84,광진구 구의동 658,자전거종합서비스센터 대여소,유인자전거대여소,구분,광진구,37.537341,127.093644
,동남로 918,강동구 고덕동 302,자전거종합서비스센터 대여소,유인자전거대여소,구분,강동구,37.555668121,127.15691701
,월드컵로 240,마포구 성산동 515,자전거토탈서비스센터 대여소,무인자전거대여소,구분,마포구,37.568282878,126.897258541
,null,강남구 수서동 735,자전거종합서비스센터 대여소,유인자전거대여소,구분,강남구,37.4873962,127.1009315
,null,금천구 독산동 727-2,자전거종합서비스센터 대여소,유인자전거대여소,구분,금천구,37.456664,126.892927
,홍제천로 111,서대문구 연희동 696,두바퀴쉼터 대여소,유인자전거대여소,구분,서대문구,37.575118751,126.926436242
,도봉로89길 13,강북구 수유동 192-76,강북구청 대여소,무인자전거대여소,구분,강북구,37.6396397,127.0252085
,한천로115길 20,강북구 번동 377,주공5단지 대여소,무인자전거대여소,구분,강북구,37.6338139,127.0357202
,오현로31길 85-7,강북구 번동 656-2,금호어울림 아파트 대여소,무인자전거대여소,구분,강북구,37.6309848,127.0360098
,오현로 208,강북구 번동 237,주공3단지 대여소,무인자전거대여소,구분,강북구,37.6289348,127.0419099
,한천로105길 24,강북구 번동 241,주공2단지 대여소,무인자전거대여소,구분,강북구,37.626494,127.0447241
,서부샛길 64,금천구 독산동 724-5,자전거종합 서비스센터,유인자전거대여소,구분,금천구,37.458571579,126.891982764
,학동로 426,강남구 삼성동,강남구청 대여소,유인자전거대여소,구분,강남구,37.514787152,127.055260418
,null,성동구 옥수동 168-1,옥수대여소,유인자전거대여소,구분,성동구,37.540055043,127.017803184
,고산자로 123,성동구 응봉동 3-10,응봉대여소,유인자전거대여소,구분,성동구,37.550136089,127.034554018
,증산로 476,은평구 응암동 114-10,은평구자전거 종합서비스센터,유인자전거대여소,구분,은평구,37.598617925,126.915847182
,null,서울특별시 용산구 이촌동 191번지,용산구 교육장,용산구 교통행정과(02-2199-7754),문의,용산구,37.522746138,126.960890024
,마장로 330,성동구 마장동 802-2,성동구 교육장,성동구 도시관리공단 주차사업팀(02-2299-0095),문의,성동구,37.567948764,127.045824556
,null,null,동대문구 교육장,"상반기(4월~5월), 하반기 (9월~10월) 주2회(수, 금 9시~17시) 관내 유치원 및 초, 중학생,   다문화 및 소외계층 현장 또는 전화 접수, 월2회(토 10시~16시) 자전거무료대여사업",이용안내,동대문구,0,0
,null,중랑구 중화동 344-1,중랑 자전거 교통안전체험장,"안전생활실천시민연합(070-7008-9870)",문의,중랑구,37.6069826,127.0724192
,null,서울특별시 성북구 석관동 375-4번지,자전거교통안전체험장,성북구 자전거연합회,문의,성북구,37.612633615,127.071231948
,덕릉로 483,노원구 중계동 500, 노원교통공원,안전생활실천시민연합(02-973-3925),문의,노원구,37.645627516,127.062686215
,목동남로 106-23,양천구 신청동 산 73-4,양천 어린이교통공원,"양천구 시설관리공단(02-2652-1582~3)
세이프키즈코리아(자전거운전인증제)",문의,양천구,37.509417011,126.870010683
,null,구로구 신도림동 285-22,구로구어린이교통공원,"안전생활실천시민연합(070-7008-9870)",문의,구로구,37.5084757,126.8742967
,양천로14길 84-4,강서구 방화동 582-2,강서교통공원,안전생활실천시민연합(02-2664-4987),문의,강서구,37.5695434,126.8090989
,null,금천구 시흥동 784-8,금천구 교육장,직영,문의,금천구,37.451760418,126.895322717
,null,영등포구 양화동 3-1,영등포구 안전체험장,자전거문화발전연구소(),문의,영등포구,37.5467526,126.8839275
,null,서울특별시 관악구 신림동 498번지,관악구 교육장,관악 종합자전거서비스센터(02-879-6869),문의,관악구,37.488287854,126.91449636
,바우뫼로12길 43,서초구 양재동 201,서초교통공원,국제라이온스클럽(02-2057-5511),문의,서초구,37.470163487,127.032618586
,성내천로35길 53,송파구 마천동 산 1-10,어린이안전교육관,한국어린이안전재단(02-406-5868),문의,송파구,37.5004604,127.1590212
,동남로 942,강동구 고덕동 289-3,강동구 교육장,한국자전거 문화포럼(02-428-1722),문의,강동구,37.5608235,127.1571725
,null,마포구 상암동 482-429,난지 교육장,한강공원 난지안내센터(02-3780-0611~2),문의,마포구,37.5640265,126.8821321
,null,강동구 천호동 483-1,광나루 교육장,"한국어린이안전재단(www.childsafe.or.kr, 02-406-5869)",문의,강동구,37.5452143,127.1196324